eta,Re1_c,Taylor,k_c
0.99,412.0414,1706.3128,3.12672
0.989,392.9,1707.4654,3.12674
0.988,376.2057,1708.6209,3.12675
0.987,361.4784,1709.7794,3.12677
0.986,348.3599,1710.9409,3.12679
0.985,336.5773,1712.1054,3.1268
0.984,325.9186,1713.273,3.12682
0.983,316.2158,1714.4436,3.12684
0.982,307.3341,1715.6173,3.12686
0.981,299.1641,1716.794,3.12687
0.98,291.6157,1717.9739,3.12689